{
    "produtos": [
        {"id": 1, "src": "images/Dragon Ball Fighterz Ps4 Mídia Física Em Português Novo.jpg", "titulo": "Dragon Ball Fighterz", "genero": "Luta, Ação e Aventura", "preco": "R$50"},

        {"id": 2, "src": "images/Detroit_ Become Human _ Confira as capas de lançamento.jpg", "titulo": "Detroit Become Human", "genero": "Ação e Aventura", "preco": "R$45"},

        {"id": 3, "src": "images//Dark Souls Remasterizado Ps4 Mídia Física Novo Lacrado.jpg", "titulo": "Dark Souls", "genero": "Suspense, Ação e Aventura", "preco": "R$80"},

        {"id": 4, "src": "images/Assassins Creed Valhalla Ps4 Mídia Física Novo Original.jpg", "titulo": "Assassins Creed Valhalla", "genero": "Guerra, Ação e Aventura", "preco": "R$75"},

        {"id": 5, "src": "images/Ps4 Ghost Of Tsushima Launch Edition.jpg", "titulo": "Ghost Of Tsushima", "genero": "Mundo Aberto, Ação e Aventura", "preco": "R$60"},

        {"id": 6, "src": "images/World War Z  Ps4 Mídia Física  Guerra Mundial Z Ps4.jpg", "titulo": "World War Z", "genero": "Tiro e Terror", "preco": "R$60"},

        {"id": 7, "src": "images/jogo de ps4 - RISE OF THE TOMB RAIDER.jpg", "titulo": "Rise of The Tomb Raider", "genero": "Ação e Aventura", "preco": "R$50"},

        {"id": 8, "src": "images/Jogo Assassins Creed Unity Playstation Hits Ps4 Br M_fisica.jpg", "titulo": "Assassins Creed Unity", "genero": "Ação e Aventura", "preco": "R$60"}

    ]

}